id;street_address;postal_code;city;state_province
1;overriding interactive primary;real-time calculate;Port Elinorview;mobile Run Maine
2;Up-sized Incredible compressing;infrastructures Clothing Table;Marysville;Gorgeous copying
3;impactful;Frozen alarm;West Annabel;Soft Health
4;Soft Robust Soft;Accounts;New Corrineville;Car
5;Jersey;demand-driven;Pharr;TCP Dollar
6;parsing;Frozen Litas;New Lucyhaven;Customer-focused
7;Dong Arizona Data;granular deposit;East Alexis;array
8;supply-chains Kenya cross-platform;Computer Soft;East Calebmouth;Track override
9;Dakota Administrator Intranet;regional;Westfield;reboot Technician
10;Wooden communities Soft;Serbia input redefine;Medhurstbury;Carolina Buckinghamshire viral
